document_id,contract_year,cola_strict,cola_broad
729,2002,0,0
3371,2005,0,0
379,,0,1
2130,2012,0,0
1659,2009,0,0
396,2002,0,0
816,2003,0,0
1823,2006,0,0
1570,2003,0,0
2537,2019,0,0
3326,2001,0,0
3776,2021,0,0
284,2004,0,1
2022,2010,0,0
4375,2020,0,0
142,2001,0,0
841,2008,0,0
1198,2002,0,0
457,2005,0,0
3330,2002,0,0
338,2012,1,1
2034,2010,0,0
787,,0,0
1862,2008,0,0
504,2004,0,0
3019,2002,0,1
1024,2007,0,0
3449,,0,1
2126,,0,0
695,2006,0,0
2825,,0,0
3222,2002,0,0
2063,2015,0,0
553,2007,0,0
1136,2017,0,0
416,2001,0,0
1264,2000,0,0
601,2001,0,0
2018,2009,0,1
4573,2021,0,0
3035,2001,0,0
3520,2015,1,1
528,,0,0
482,,0,0
178,2002,1,1
2761,,0,0
4461,2022,0,0
2736,2004,0,0
986,2002,0,0
3218,,0,0
355,2005,1,1
4532,,0,0
1730,2009,0,0
2665,2006,0,0
1049,2019,0,0
569,2014,0,0
139,,0,0
2720,,0,0
617,2004,0,0
1767,2015,0,0
2848,2004,0,0
4135,2020,0,0
3473,2009,1,1
3920,2021,0,0
36,2007,0,0
4359,,0,0
1086,2005,0,0
1985,2014,0,0
2645,,0,0
1340,2002,0,0
725,2004,0,0
16,2004,0,0
4379,2021,0,0
1481,2000,0,0
3516,2015,0,0
3003,,0,0
1317,2003,0,0
322,2002,1,1
3500,2009,0,0
508,,0,0
158,2006,0,0
2604,2006,0,0
3445,1998,0,0
1301,2005,0,0
1751,2000,0,0
1839,2008,0,0
2346,2015,0,0
2829,,0,0
2080,2012,0,0
1213,2009,0,0
1004,2009,0,0
461,,0,0
1842,2007,0,0
1141,2000,0,0
1287,1998,0,0
3310,,0,0
318,2002,0,1
2151,2011,0,0
1950,2014,0,0
1546,2003,0,0
3828,,0,0
3202,,0,0
2556,,0,0
1946,2009,0,0
836,2005,0,0
135,2010,0,0
3097,2001,1,1
2055,2012,0,0
3644,1995,0,0
709,2003,0,0
2540,2016,0,0
1911,2008,0,0
2147,2005,0,0
2844,2002,0,0
2003,2011,0,1
925,2002,0,0
1910,2008,0,0
3184,2003,0,0
533,2001,0,0
3491,2008,0,0
860,,0,0
2054,2015,0,0
3215,,0,0
708,2008,0,0
3079,2003,0,0
1414,2001,0,0
2668,2003,0,0
3995,,0,0
1551,2003,0,0
2557,2019,0,0
1402,2005,0,0
1117,2006,0,0
2015,2009,0,0
2853,2002,0,0
749,2002,0,1
3311,,0,0
1455,2002,0,0
525,2004,0,0
732,2004,0,0
698,2002,0,0
362,2004,0,0
3385,2003,0,0
677,2012,0,1
1245,2002,0,1
3278,2001,0,0
4047,2018,0,0
4417,2021,0,0
3501,,0,0
159,2012,0,0
1183,2003,0,0
1479,2002,0,0
1029,2019,0,0
1746,2005,0,0
1316,2001,0,0
266,2005,1,1
3794,2019,0,0
909,2004,0,0
1896,2012,0,0
2994,2004,0,0
724,2003,0,0
661,1999,0,0
3540,2013,1,1
548,2002,0,0
3110,1996,0,0
3813,2018,0,0
3956,,0,0
2644,,0,0
1438,2014,0,0
3188,2001,0,0
1859,2008,0,0
2776,,0,0
4358,,0,0
1789,2006,0,0
1273,2005,0,1
753,2004,0,0
1418,2002,0,1
3075,,0,0
568,2002,0,0
60,2004,0,0
3999,2016,0,0
1224,2009,0,0
641,2006,0,0
4163,,0,1
4499,,0,0
3063,2004,0,0
591,2004,0,0
3433,2003,0,0
3960,,0,0
968,2002,0,0
99,2001,0,0
1818,2006,0,0
3825,,0,0
76,2004,0,0
207,2001,0,1
712,2008,0,0
3521,2014,1,1
529,2003,0,1
483,,0,0
21,2011,0,1
2019,2009,0,0
1320,2007,0,0
745,2002,0,0
1567,2002,0,0
102,,0,0
801,2003,0,0
2127,2015,0,0
694,2004,0,0
3389,,0,0
1863,2011,0,0
4362,2020,0,0
1160,2012,0,0
505,2000,0,1
769,,0,0
3331,2000,0,0
2035,2008,0,1
143,2002,0,0
840,2002,0,0
1930,2007,0,0
456,2002,0,0
4231,2020,0,0
1033,2008,0,0
1822,2009,0,0
114,1998,0,0
1064,2005,0,0
952,2001,0,0
728,,0,0
682,1999,0,0
3370,2002,0,0
2131,,0,0
2074,2011,0,0
3665,,1,1
1080,,0,0
3547,2015,1,1
3052,,0,0
1595,2007,0,0
1716,2001,0,0
666,,0,0
148,2000,0,0
3510,2012,0,0
4390,2021,0,0
1741,2019,0,0
3639,2003,0,0
1604,2002,0,1
2881,2004,0,0
2028,2010,0,0
3506,2011,0,0
1184,,0,0
3013,,0,0
1887,2011,0,0
2602,,0,1
918,2004,0,1
1307,1997,0,0
332,2012,0,1
762,2008,0,0
4555,2022,0,0
627,2005,0,0
3551,2004,0,0
1583,2012,0,0
2086,2014,0,0
365,2001,0,1
4017,2019,0,0
2784,1999,0,1
467,2002,0,0
3195,2003,0,0
3480,,1,1
1517,2002,0,0
871,2005,0,0
3253,2004,0,0
1794,2012,0,0
2012,2009,0,1
3316,1997,0,0
430,1992,0,1
4607,,0,0
2679,,0,0
1956,2010,0,1
2696,2009,0,0
2045,2008,0,1
1393,2000,0,0
1669,2008,0,0
719,2003,0,0
3091,2007,0,0
1805,2008,0,0
3838,,0,0
3642,2003,0,0
2053,2012,0,0
2815,2008,0,0
4492,2020,0,0
3479,2009,1,1
471,2004,0,0
922,2004,0,0
1852,2012,0,0
534,2009,0,0
1151,2008,0,0
2004,,0,0
1782,2008,0,0
3245,2010,0,0
3300,,0,0
2842,2002,0,0
2566,2019,0,0
3377,2003,0,0
3398,2001,0,1
2589,2018,0,0
1126,2019,0,0
1825,2007,0,0
810,2007,0,0
1063,,0,0
1433,2003,0,1
328,,1,1
2862,2001,0,0
778,,0,0
2024,,0,0
1258,2002,0,1
1608,2000,0,0
847,2004,0,0
514,2011,0,0
144,2003,1,1
1034,2002,0,0
902,2008,0,0
2931,,0,0
2032,2011,0,0
1167,2004,0,0
152,,0,1
502,,0,0
1864,2015,0,0
4220,,0,0
447,2008,0,0
693,2001,0,0
2989,2005,0,0
739,2004,0,0
2120,2011,0,0
2065,2013,0,0
806,2005,0,0
105,2007,0,0
1425,2007,0,0
410,2002,0,0
1976,2011,0,0
4060,2021,0,0
1798,2007,0,1
1777,2008,0,0
2622,2002,0,0
26,2007,1,1
2767,,0,0
1848,2014,0,0
3526,2013,0,0
4349,2019,0,0
484,,0,0
2049,,0,0
1370,2013,0,0
1059,,0,0
216,1993,0,1
1366,1999,0,0
1736,2004,0,0
3072,,0,1
979,2003,0,0
88,2005,0,0
2008,2010,0,0
754,2007,0,0
1761,2009,0,0
304,,0,1
187,2002,0,1
3160,2000,0,0
492,,0,0
3530,2013,0,0
538,2005,0,0
3863,,0,0
3161,1995,0,0
1625,,0,0
610,2006,0,0
2009,2009,0,0
755,2004,0,0
305,2001,0,0
3423,2004,0,0
89,2000,0,0
978,2000,0,0
1808,2008,0,0
3136,2002,0,0
4020,2019,0,0
4535,,0,0
2674,,0,0
3065,2002,0,0
3435,,0,0
3823,,0,0
3989,2018,0,0
3209,2011,0,1
2048,2009,0,0
2418,2015,0,0
1371,2019,0,0
3462,2009,0,0
3032,2005,0,0
893,2005,0,0
2766,,0,0
3874,,0,1
1849,2012,0,0
4431,,0,0
313,,1,1
807,2005,0,0
554,2005,0,0
104,,0,1
1424,2003,0,0
368,2008,0,0
1166,2002,0,0
1865,2012,0,0
850,2020,0,0
1023,2003,0,0
1189,2005,0,0
2930,2002,1,1
780,2007,0,0
2033,2008,0,0
2619,,0,0
903,2005,0,0
779,,0,0
2025,2010,0,0
796,2004,0,0
3264,2011,0,0
1609,2000,0,0
1127,2020,0,0
1577,1999,0,0
954,2006,0,0
407,,0,1
2137,2014,0,0
2567,2019,0,0
2971,2001,0,0
2072,2013,0,0
2005,2009,0,0
2906,2003,0,0
759,2004,0,0
2140,2015,0,0
1445,2005,0,0
470,2009,0,0
3182,2007,0,0
889,2004,0,0
2793,1999,0,0
923,2007,0,0
1150,2004,0,0
3213,,0,0
2052,,0,0
2402,2016,0,0
2814,2005,0,0
1691,2003,0,0
974,2008,0,0
85,2010,0,0
132,1998,0,1
562,2003,0,0
2681,2005,0,0
2044,2010,0,0
3340,1997,0,0
431,2003,1,1
827,2004,0,0
1541,2003,0,0
1111,2005,0,0
1795,2008,0,0
1280,2019,0,1
2785,,0,0
4201,2019,0,0
466,2003,0,0
1453,2007,0,0
489,,0,0
173,,0,0
1516,2002,0,0
2087,2012,0,0
4016,2019,0,0
2068,2015,0,0
3100,2003,0,0
3550,2016,0,1
2711,,0,0
1306,2019,0,0
4104,2020,0,0
333,2004,0,1
1756,2000,0,0
763,2005,0,0
626,2007,0,0
4368,2021,0,0
1490,1999,0,0
3157,2000,0,0
1310,2000,0,0
1255,2019,0,0
4057,2008,0,0
3792,,0,0
3141,2002,0,0
519,2009,0,1
4391,2021,0,0
4145,2019,0,0
4515,2022,0,0
237,2000,0,0
667,2003,0,0
1982,2012,0,0
3116,2009,0,0
2642,2003,0,1
2143,2015,0,0
2840,2002,0,0
1780,2013,0,0
2905,,0,0
1153,2004,0,0
3928,2021,0,1
1915,2006,0,0
2114,2014,0,0
2051,2010,0,0
3139,1998,0,0
1104,2010,0,0
131,,0,0
1041,2008,0,0
1684,2001,0,0
1391,2019,0,0
577,2003,0,0
90,1994,1,1
432,2003,1,1
598,2002,0,0
1779,2014,0,0
3314,2007,0,0
2505,,0,0
609,2002,0,0
873,2000,0,0
3482,,0,0
1515,2001,0,0
520,2003,0,0
465,2011,0,0
4015,2017,0,0
222,,1,1
737,2007,0,0
4150,2021,0,0
2987,2004,0,0
367,2002,0,0
2657,2003,0,1
808,2005,0,0
1997,2010,0,0
3103,2004,0,0
275,2001,0,0
3338,2003,0,0
1305,2011,0,0
330,2004,1,1
3912,2021,0,0
4384,,0,0
3504,,0,0
1313,2019,0,0
1190,2008,0,0
1939,2007,0,0
3841,2021,0,0
849,2004,0,0
3142,2005,0,0
234,1989,0,1
4003,2016,0,0
1201,2019,0,0
2092,2014,0,1
2138,2014,0,0
1344,2019,0,0
3729,2021,1,1
3545,2013,0,0
1981,2010,0,0
45,2010,0,1
2773,,0,0
869,,0,0
490,2007,0,0
3498,2007,0,0
3532,2016,0,0
3027,2004,0,0
3477,,0,0
1919,2008,0,0
3924,2022,0,0
756,2004,0,0
1763,2008,0,0
613,2008,0,0
243,2014,0,0
1108,2004,0,0
2661,2007,0,0
3359,2002,0,0
701,2004,0,1
214,2002,0,1
3820,2022,0,0
982,2003,0,0
347,2008,0,1
1372,2019,0,0
2948,2002,0,1
1237,2002,0,1
4035,2020,0,0
3524,2015,0,0
3318,2005,0,0
310,2000,1,1
740,2002,0,0
605,2006,0,0
1974,2011,0,0
1427,2011,0,0
412,2001,0,0
1098,2009,0,0
557,2002,0,0
1132,2019,0,0
3226,2004,0,0
2964,,0,0
2067,2014,0,1
2088,2013,0,0
691,2003,0,1
1165,2003,0,0
3508,2014,0,0
500,,0,0
3621,2019,0,0
3334,2005,0,0
3908,2022,0,0
516,,0,0
1870,2012,0,0
3267,,0,0
2163,2016,0,0
280,2011,0,0
1431,1996,0,0
2708,,0,0
3549,,0,0
3230,2004,0,1
687,2006,0,0
2134,2012,0,0
3231,,0,0
2836,,0,0
1349,1997,0,0
2709,,0,0
48,2004,0,1
3548,2013,0,1
4059,,0,0
794,2005,0,0
2924,2009,0,0
3323,2003,0,0
281,2009,0,0
1488,2002,0,0
1172,2003,0,0
844,2001,0,0
2031,2005,0,0
782,2001,0,0
3270,2003,0,0
2898,2004,0,0
278,2004,0,0
2877,2001,0,0
1021,2003,0,0
1888,2006,0,0
852,2002,0,0
2066,,0,0
2123,2011,0,0
3362,2009,0,0
1975,2014,0,0
940,2004,0,1
413,,0,0
1261,2005,0,1
3525,2013,0,0
487,2008,0,0
25,2010,1,1
2764,2009,0,0
891,2004,0,0
2271,2017,0,0
2621,,0,0
3460,2002,0,0
4521,,0,0
829,2004,0,0
3964,2017,0,0
2119,2013,0,0
3358,2004,0,0
4537,,0,0
700,2005,0,0
4022,2019,0,0
1220,2006,0,0
645,2004,0,1
3837,2019,0,0
2660,,0,0
429,2000,0,0
3071,2000,0,1
242,,1,1
2772,,0,0
3163,2004,0,0
3499,2007,0,0
3533,,0,0
1918,1996,0,0
887,2005,0,0
2640,2001,0,1
3051,,0,0
1129,2017,0,1
2586,2019,0,0
1345,2003,0,0
3682,2019,0,0
720,2001,0,0
1892,2015,0,0
2752,,0,0
2928,2007,0,0
2882,2005,0,0
1884,,0,0
3440,2005,1,1
1187,2003,0,0
1492,2002,0,0
274,2001,0,0
331,2001,1,1
761,,0,0
3293,2005,0,0
3417,2003,0,1
1979,2011,0,0
1216,2019,0,0
223,1998,0,0
4014,2020,0,0
736,2005,0,0
1703,2004,0,0
1847,2001,0,0
29,,0,0
1514,2001,0,0
521,2004,0,0
464,2002,0,0
1451,2015,0,0
1902,2007,0,0
4080,2018,1,1
1778,2013,0,0
2857,2002,0,0
1328,2000,0,0
2912,,0,0
1797,2007,0,0
1955,2011,0,0
2553,,0,0
2103,2016,0,0
4192,,0,0
3657,2000,0,0
2046,2011,0,0
1555,1997,0,0
4612,,0,0
1410,2007,0,1
87,2010,0,1
1739,2009,0,0
2115,2012,0,0
2050,2010,0,0
3211,2003,0,0
537,2005,0,1
1851,2010,0,0
188,2005,0,0
1447,,0,0
472,,0,0
2841,2002,0,0
1781,2011,0,0
4079,2022,0,0
3246,,0,0
496,,1,1
34,2005,0,0
2149,2013,0,0
1765,2007,0,1
1620,2009,0,0
1270,2005,0,0
63,2002,0,0
3426,2009,0,0
8,,0,0
2667,,1,1
357,2008,1,1
1362,2019,0,0
1732,2000,0,1
1227,2003,0,0
642,2013,0,0
1118,1998,0,0
984,2002,0,0
3963,,0,0
2671,2003,0,0
3060,2004,0,0
592,,0,0
3430,1998,0,0
438,,1,1
2558,2015,0,0
1724,2001,0,0
341,2010,1,1
654,2001,0,0
22,,0,0
3871,,0,0
2763,2009,0,0
3522,,0,0
480,2003,0,0
3488,,0,0
896,1998,0,0
1909,2010,0,0
2626,,0,0
1773,2009,0,0
253,2008,0,1
414,2002,0,0
1421,2005,0,0
1071,1999,0,0
3109,2003,0,0
3220,2004,0,0
228,2010,0,0
382,2002,0,1
1358,2008,0,0
1708,2007,0,0
910,2003,0,0
1476,2003,0,0
4361,,0,1
156,,1,1
855,2005,0,0
1860,2011,0,0
2523,2019,0,0
3332,2004,0,0
455,2009,0,0
1933,2007,0,0
3518,,0,1
510,2003,0,0
2020,2009,0,0
2866,2005,0,0
4265,2022,0,0
1437,2001,0,0
117,2007,0,0
814,2006,0,0
1821,2004,0,0
4009,2018,0,0
2132,2010,0,0
681,2004,0,0
1769,2012,0,0
2000,2005,0,0
3241,2000,0,0
1786,2008,0,1
38,2003,0,0
863,2004,0,0
475,,0,0
2796,2003,0,0
926,2006,0,0
1913,2007,0,0
2112,2016,0,0
2542,2016,0,0
567,2003,0,0
2684,,0,0
1417,2005,0,0
4195,2020,0,0
658,2004,0,0
1397,2001,0,0
79,2003,0,0
2692,2004,0,0
571,2006,0,0
3129,2002,0,0
1114,2002,0,0
4316,,0,0
121,2000,0,0
434,,1,1
1401,2003,0,0
1952,2012,0,0
2503,2019,0,0
2016,2009,0,0
3484,2007,0,0
526,,0,0
1456,2001,0,0
3191,2007,0,0
224,,0,1
2578,2019,0,1
1704,2004,0,0
731,2008,0,0
3369,2004,0,1
3943,,0,0
2651,2003,0,0
418,2002,0,0
2939,,1,1
1303,2002,0,0
766,2005,0,0
3502,,0,0
635,2004,0,0
2539,2019,0,0
3328,,0,0
320,2000,1,1
2610,2003,0,0
459,,0,1
1483,2014,0,0
1179,2004,0,0
3514,2015,0,0
14,,0,0
1207,2004,0,0
232,2012,0,0
4005,2017,0,0
4510,,0,0
2094,2015,0,0
3406,2004,1,1
3056,2003,0,1
1968,2011,0,0
3955,2021,0,0
2702,,0,0
3810,2022,0,0
3407,2000,0,0
1986,2014,0,0
3542,2015,1,1
3112,2005,0,0
233,2012,0,0
4454,,0,0
3391,2003,0,0
663,2003,0,0
3684,2011,0,0
376,2007,0,0
1343,1997,0,0
726,2002,0,0
3000,2011,0,1
3450,2005,0,1
1197,2019,0,0
3515,2013,0,0
4403,,0,0
634,2007,0,0
1601,2011,0,0
264,2002,0,1
1251,1998,0,0
2168,2014,0,0
4546,,0,0
321,2003,0,1
3503,2011,0,0
1494,2001,0,0
788,2004,0,0
622,2000,0,0
3942,2020,0,0
3104,,0,0
3554,2013,0,0
3807,2022,0,0
2715,2004,0,0
54,2000,0,1
3387,1997,1,1
2579,2019,0,1
2083,2000,0,0
3368,2004,0,0
874,2008,0,0
1841,2007,0,0
1904,2000,0,0
1007,2002,0,0
3190,2004,0,1
2851,1999,0,0
1791,2008,0,0
2017,2009,0,0
2739,,0,0
435,2008,0,0
1050,2016,0,0
966,2005,0,0
1729,2009,0,0
2943,,0,0
136,2015,0,0
835,2001,0,0
3978,2019,0,0
5,,1,1
4244,2019,0,0
2543,2013,0,0
2810,,0,0
1695,2004,0,0
3647,2000,0,0
3217,2003,0,0
2778,2005,0,1
531,2004,0,0
161,2003,0,0
3186,,0,0
474,2005,0,0
1441,2001,0,0
3885,2022,0,0
3240,2010,0,1
2975,2005,0,0
2076,2011,0,0
2563,2019,0,0
680,2009,0,0
1436,2001,0,0
403,,0,0
116,2002,0,0
1123,2020,0,0
2021,2009,0,0
2867,2003,0,0
2164,2013,0,0
1031,2002,0,0
1932,2008,0,0
19,2002,0,0
3519,,0,0
511,,0,0
3149,2003,0,0
141,,0,0
2934,2004,0,0
3276,2003,0,0
2871,2003,0,0
3333,2003,0,0
1477,2002,0,0
157,2003,0,0
507,,0,1
3671,2021,0,0
2963,2002,0,0
1359,2004,0,0
415,2005,0,0
1070,2002,0,0
946,2000,0,0
58,2006,0,0
2719,2001,0,0
3558,,0,1
1565,2004,0,0
1322,2001,0,0
747,2003,0,0
1288,2011,0,0
1267,2000,0,0
2762,2014,0,0
3523,2015,0,0
1725,2004,0,0
710,2004,0,0
4527,,0,0
4198,2019,0,0
593,2003,0,0
3061,2016,0,0
213,2007,0,1
2959,2003,0,0
1676,2006,0,0
62,2005,0,0
993,2003,0,0
2689,1999,0,0
3831,,0,0
585,2004,0,0
2666,2006,0,0
2148,2014,0,0
1764,2004,0,0
3309,2003,0,1
301,,0,1
497,2008,0,0
35,2003,0,0
881,2008,0,0
3470,2015,0,0
